,sym,link,title,body,dttm,text
0,NVDA,https://news.google.com/articles/CBMiT2h0dHBzOi8vZmluYW5jZS55YWhvby5jb20vbmV3cy9udmlkaWEtbnZkYS1ib2FzdHMtZWFybmluZ3MtcHJpY2UtMTI0NjEyMTkyLmh0bWzSAVdodHRwczovL2ZpbmFuY2UueWFob28uY29tL2FtcGh0bWwvbmV3cy9udmlkaWEtbnZkYS1ib2FzdHMtZWFybmluZ3MtcHJpY2UtMTI0NjEyMTkyLmh0bWw?hl=en-US&gl=US&ceid=US%3Aen,Nvidia (NVDA) Boasts Earnings & Price Momentum: Should You Buy?,The Zacks Focus List offers investors a way to easily find top-rated stocks and build a winning investment portfolio. Here's why you should take advantage.,2021-05-31 12:00:00,Nvidia (NVDA) Boasts Earnings & Price Momentum: Should You Buy? The Zacks Focus List offers investors a way to easily find top-rated stocks and build a winning investment portfolio. Here's why you should take advantage.
1,NVDA,https://news.google.com/articles/CAIiEJZEf15emeQiuP-_ZZqK-04qGQgEKhAIACoHCAowt8yYCzDI1rADMNqB0gY?hl=en-US&gl=US&ceid=US%3Aen,Tee Up a Trade Ahead of Nvidia Earnings,All eyes are on Nvidia (NASDAQ:NVDA) stock this week as the semiconductor giant steps up to the earnings plate. But it's not just the anticipation of another ...,2021-05-26 16:00:00,Tee Up a Trade Ahead of Nvidia Earnings All eyes are on Nvidia (NASDAQ:NVDA) stock this week as the semiconductor giant steps up to the earnings plate. But it's not just the anticipation of another ...
2,NVDA,https://news.google.com/articles/CBMiSmh0dHBzOi8vZmluYW5jZS55YWhvby5jb20vbmV3cy9udmlkaWEtbnZkYS1zcGxpdC1zdG9jay1mb3VyLTE1MzgwMzQzOS5odG1s0gFSaHR0cHM6Ly9maW5hbmNlLnlhaG9vLmNvbS9hbXBodG1sL25ld3MvbnZpZGlhLW52ZGEtc3BsaXQtc3RvY2stZm91ci0xNTM4MDM0MzkuaHRtbA?hl=en-US&gl=US&ceid=US%3Aen,NVIDIA (NVDA) to Split Stock in Four to Attract More Investors,"The stock split will make NVIDIA's (NVDA) stock more affordable to employees and retail investors, thus boosting demand for its shares. This, in turn, should ...",2021-05-24 15:00:00,"NVIDIA (NVDA) to Split Stock in Four to Attract More Investors The stock split will make NVIDIA's (NVDA) stock more affordable to employees and retail investors, thus boosting demand for its shares. This, in turn, should ..."
3,NVDA,https://news.google.com/articles/CAIiEDyCWuoH9MMc-8MGc-KHWIYqFggEKg0IACoGCAowkqEGMJBZMNL5vAY?hl=en-US&gl=US&ceid=US%3Aen,Nvidia Reports A True Blockbuster,"Nvidia's Q1 revenue stood at $5.66 billion, and the chipmaker outperformed many other semiconductor companies. Read more about NVDA stock here.",2021-05-28 19:00:00,"Nvidia Reports A True Blockbuster Nvidia's Q1 revenue stood at $5.66 billion, and the chipmaker outperformed many other semiconductor companies. Read more about NVDA stock here."
4,NVDA,https://news.google.com/articles/CBMiTmh0dHBzOi8vZmluYW5jZS55YWhvby5jb20vbmV3cy9udmlkaWEtbnZkYS1xMS1lYXJuaW5ncy1yZXZlbnVlcy0yMTQ1MDk3MzUuaHRtbNIBVmh0dHBzOi8vZmluYW5jZS55YWhvby5jb20vYW1waHRtbC9uZXdzL252aWRpYS1udmRhLXExLWVhcm5pbmdzLXJldmVudWVzLTIxNDUwOTczNS5odG1s?hl=en-US&gl=US&ceid=US%3Aen,Nvidia (NVDA) Q1 Earnings and Revenues Surpass Estimates,"Nvidia (NVDA) delivered earnings and revenue surprises of 11.59% and 4.83%, respectively, for the quarter ended April 2021. Do the numbers hold clues to ...",2021-05-26 21:00:00,"Nvidia (NVDA) Q1 Earnings and Revenues Surpass Estimates Nvidia (NVDA) delivered earnings and revenue surprises of 11.59% and 4.83%, respectively, for the quarter ended April 2021. Do the numbers hold clues to ..."
5,NVDA,https://news.google.com/articles/CBMiTGh0dHBzOi8vZmluYW5jZS55YWhvby5jb20vbmV3cy93aHktbnZpZGlhLW52ZGEtbWlnaHQtc3VycHJpc2UtMTI0NDEyMzY5Lmh0bWzSAVRodHRwczovL2ZpbmFuY2UueWFob28uY29tL2FtcGh0bWwvbmV3cy93aHktbnZpZGlhLW52ZGEtbWlnaHQtc3VycHJpc2UtMTI0NDEyMzY5Lmh0bWw?hl=en-US&gl=US&ceid=US%3Aen,Why Nvidia (NVDA) Might Surprise This Earnings Season,Nvidia (NVDA) is seeing favorable earnings estimate revision activity and has a positive Zacks Earnings ESP heading into earnings season.,2021-05-21 12:00:00,Why Nvidia (NVDA) Might Surprise This Earnings Season Nvidia (NVDA) is seeing favorable earnings estimate revision activity and has a positive Zacks Earnings ESP heading into earnings season.
6,NVDA,https://news.google.com/articles/CBMi6QFodHRwczovL2Rhc2hib2FyZHMudHJlZmlzLmNvbS9kYXRhL2NvbXBhbmllcy9OVkRBL25vLWxvZ2luLXJlcXVpcmVkLzJjRkhSRHgwLy01LTI5LTIwMjEtTlZEQS1TdG9jay1IYXMtU3Ryb25nLUNoYW5jZS1PZi1BLURlY2xpbmUtT3Zlci1UaGUtTmV4dC1Nb250aC1BZnRlci1SaXNpbmctNC0xLUluLVRoZS1MYXN0LTUtRGF5cy1PbmUtTW9udGgtRXhwZWN0ZWQtUmV0dXJuLUZvci1UaGUtU3RvY2stSXMtOC01LdIBAA?hl=en-US&gl=US&ceid=US%3Aen,(5/29/2021) NVDA Stock Has Strong Chance Of A Decline Over The Next Month After Rising 4.1% In The Last 5 Days. One-Month Expected Return For The Stock Is 8.5%,"Out of 28 instances in the last 10 years that NVIDIA (NVDA) stock saw a 5-day rise of 15% or more, 24 of them resulted in NVDA stock rising over the subsequent ...",2021-05-30 01:00:00,"(5/29/2021) NVDA Stock Has Strong Chance Of A Decline Over The Next Month After Rising 4.1% In The Last 5 Days. One-Month Expected Return For The Stock Is 8.5% Out of 28 instances in the last 10 years that NVIDIA (NVDA) stock saw a 5-day rise of 15% or more, 24 of them resulted in NVDA stock rising over the subsequent ..."
7,NVDA,https://news.google.com/articles/CAIiEB4oG9Y15n1tfP8FsBvLuicqEwgEKgwIACoFCAowgHkwoBEwwjU?hl=en-US&gl=US&ceid=US%3Aen,"Forget the Stock Split, 3 Reasons NVIDIA Could Continue to Climb in 2021","NVIDIA (NASDAQ:NVDA) got its year started with a bang. In the fiscal first quarter of 2021 (the three months ended May 2, 2021) revenue increased 84% year ...",2021-05-31 12:00:00,"Forget the Stock Split, 3 Reasons NVIDIA Could Continue to Climb in 2021 NVIDIA (NASDAQ:NVDA) got its year started with a bang. In the fiscal first quarter of 2021 (the three months ended May 2, 2021) revenue increased 84% year ..."
8,NVDA,https://news.google.com/articles/CAIiEK6my-HnhILxpyGcZCG_H4gqFggEKg0IACoGCAowkqEGMJBZMNL5vAY?hl=en-US&gl=US&ceid=US%3Aen,Nvidia: Don't Expect This Market Leader To Ever Be That Cheap,"Nvidia is often labelled too expensive. However, investors should take a step back and consider how long ago has Nvidia last traded in single-digit EV / Rev ...",2021-05-26 11:00:00,"Nvidia: Don't Expect This Market Leader To Ever Be That Cheap Nvidia is often labelled too expensive. However, investors should take a step back and consider how long ago has Nvidia last traded in single-digit EV / Rev ..."
9,NVDA,https://news.google.com/articles/CBMiS2h0dHBzOi8vZmluYW5jZS55YWhvby5jb20vbmV3cy9udmlkaWEtbnZkYS1kaXBzLW1vcmUtYnJvYWRlci0yMTQ1MDkxNDIuaHRtbNIBU2h0dHBzOi8vZmluYW5jZS55YWhvby5jb20vYW1waHRtbC9uZXdzL252aWRpYS1udmRhLWRpcHMtbW9yZS1icm9hZGVyLTIxNDUwOTE0Mi5odG1s?hl=en-US&gl=US&ceid=US%3Aen,Nvidia (NVDA) Dips More Than Broader Markets: What You Should Know,"Nvidia (NVDA) closed the most recent trading day at $570.63, moving -3.69% from the previous trading session. This move lagged the S&P 500's daily loss of ...",2021-05-10 07:00:00,"Nvidia (NVDA) Dips More Than Broader Markets: What You Should Know Nvidia (NVDA) closed the most recent trading day at $570.63, moving -3.69% from the previous trading session. This move lagged the S&P 500's daily loss of ..."
10,NVDA,https://news.google.com/articles/CBMiTmh0dHBzOi8vd3d3LmZvb2wuY29tL2ludmVzdGluZy8yMDIxLzA1LzI4L2hlcmVzLXdoeS1udmlkaWEtc3RvY2stanVtcGVkLXRvZGF5L9IBUmh0dHBzOi8vd3d3LmZvb2wuY29tL2FtcC9pbnZlc3RpbmcvMjAyMS8wNS8yOC9oZXJlcy13aHktbnZpZGlhLXN0b2NrLWp1bXBlZC10b2RheS8?hl=en-US&gl=US&ceid=US%3Aen,Here's Why NVIDIA Stock Jumped Today,"Shares of NVIDIA (NASDAQ:NVDA) climbed 5% on Friday, as investors grew more optimistic about the chipmaker's growth prospects.",2021-05-28 23:00:00,"Here's Why NVIDIA Stock Jumped Today Shares of NVIDIA (NASDAQ:NVDA) climbed 5% on Friday, as investors grew more optimistic about the chipmaker's growth prospects."
11,NVDA,https://news.google.com/articles/CAIiEOR9VWt-0NRduLMjb0y3H_oqFggEKg0IACoGCAowkqEGMJBZMNL5vAY?hl=en-US&gl=US&ceid=US%3Aen,Nvidia: Start Looking Out,Nvidia is scheduled to report its Q1 2021 results on May 26. Read why investors should listen in on management's comments around their supply situation.,2021-05-19 12:00:00,Nvidia: Start Looking Out Nvidia is scheduled to report its Q1 2021 results on May 26. Read why investors should listen in on management's comments around their supply situation.
12,NVDA,https://news.google.com/articles/CBMiSWh0dHBzOi8vc3RhbnNiZXJyeXJlc2VhcmNoLmNvbS9hcnRpY2xlcy90aGUtbmFzZGFxLXNwLTUwMC1jYXQtYW5kLW52ZGEtMi_SAQA?hl=en-US&gl=US&ceid=US%3Aen,"The Nasdaq, S&P 500, CAT, and NVDA...","A few things to cover evening... First, the new low in the Nasdaq came and we have positive RSI divergence setting up on the short-term charts. AMZN did not ...",2021-05-13 06:00:00,"The Nasdaq, S&P 500, CAT, and NVDA... A few things to cover evening... First, the new low in the Nasdaq came and we have positive RSI divergence setting up on the short-term charts. AMZN did not ..."
13,NVDA,https://news.google.com/articles/CBMiTWh0dHBzOi8vZmluYW5jZS55YWhvby5jb20vbmV3cy9zb2xpZC1nYW1pbmctZGF0YS1jZW50ZXItZGVtYW5kLTEzNDIwMTQzMC5odG1s0gFVaHR0cHM6Ly9maW5hbmNlLnlhaG9vLmNvbS9hbXBodG1sL25ld3Mvc29saWQtZ2FtaW5nLWRhdGEtY2VudGVyLWRlbWFuZC0xMzQyMDE0MzAuaHRtbA?hl=en-US&gl=US&ceid=US%3Aen,"Solid Gaming, Data-Center Demand to Aid NVIDIA (NVDA) Q1 Earnings",NVIDIA's (NVDA) Q1 performance is likely to reflect stellar demand for gaming chips and strength in its data-center business on the growing adoption of ...,2021-05-25 13:00:00,"Solid Gaming, Data-Center Demand to Aid NVIDIA (NVDA) Q1 Earnings NVIDIA's (NVDA) Q1 performance is likely to reflect stellar demand for gaming chips and strength in its data-center business on the growing adoption of ..."
14,NVDA,https://news.google.com/articles/CAIiEEQsMMX080EG6XxfWAxZ9BIqGQgEKhAIACoHCAowt8yYCzDI1rADMNqB0gY?hl=en-US&gl=US&ceid=US%3Aen,Each Dip in Nvidia Stock Is a Gift for Long-Term Investors,"NVDA stock just hit new highs, before selling pressure in other tech stocks weighed it down. Look for Nvidia to get back on track.",2021-05-10 19:00:00,"Each Dip in Nvidia Stock Is a Gift for Long-Term Investors NVDA stock just hit new highs, before selling pressure in other tech stocks weighed it down. Look for Nvidia to get back on track."
15,NVDA,https://news.google.com/articles/CBMiUWh0dHBzOi8vaW52ZXN0b3JwbGFjZS5jb20vMjAyMS8wNS80LXRvcC1zdG9jay10cmFkZXMtZm9yLWZyaWRheS1hbWMtbnZkYS1iYnktcmt0L9IBVWh0dHBzOi8vaW52ZXN0b3JwbGFjZS5jb20vMjAyMS8wNS80LXRvcC1zdG9jay10cmFkZXMtZm9yLWZyaWRheS1hbWMtbnZkYS1iYnktcmt0L2FtcC8?hl=en-US&gl=US&ceid=US%3Aen,"4 Top Stock Trades for Friday: AMC, NVDA, BBY, RKT","AMC Entertainment, Nvidia, Best Buy and Rocket Companies were our top stock trades for Friday. Let's take a look at the charts now.",2021-05-27 23:00:00,"4 Top Stock Trades for Friday: AMC, NVDA, BBY, RKT AMC Entertainment, Nvidia, Best Buy and Rocket Companies were our top stock trades for Friday. Let's take a look at the charts now."
16,NVDA,https://news.google.com/articles/CAIiEM08NV6PXzO7xOy3WBwze7QqGQgEKhAIACoHCAowt8yYCzDI1rADMNqB0gY?hl=en-US&gl=US&ceid=US%3Aen,Nvidia's Latest Dip Offers a Pre-Earnings Buying Opportunity,"Nvidia has many balls in the air, including the Arm acquisition and its first data center CPU, but NVDA stock is primed for long-term growth.",2021-05-14 15:00:00,"Nvidia's Latest Dip Offers a Pre-Earnings Buying Opportunity Nvidia has many balls in the air, including the Arm acquisition and its first data center CPU, but NVDA stock is primed for long-term growth."
17,NVDA,https://news.google.com/articles/CBMiUmh0dHBzOi8vZmluYW5jZS55YWhvby5jb20vbmV3cy9pbnZlc3RvcnMtbG9hZC1udmlkaWEtc3RvY2stZWFybmluZ3MtMjE0OTUyNjIwLmh0bWzSAVpodHRwczovL2ZpbmFuY2UueWFob28uY29tL2FtcGh0bWwvbmV3cy9pbnZlc3RvcnMtbG9hZC1udmlkaWEtc3RvY2stZWFybmluZ3MtMjE0OTUyNjIwLmh0bWw?hl=en-US&gl=US&ceid=US%3Aen,Should Investors Load Up on Nvidia Stock Before Earnings? Analyst Weighs In,"Wednesday will see Nvidia (NVDA) step up to the earnings plate, when the chip giant will release its April quarter's (F1Q) financials. Ahead of the anticipated ...",2021-05-24 21:00:00,"Should Investors Load Up on Nvidia Stock Before Earnings? Analyst Weighs In Wednesday will see Nvidia (NVDA) step up to the earnings plate, when the chip giant will release its April quarter's (F1Q) financials. Ahead of the anticipated ..."
18,NVDA,https://news.google.com/articles/CBMiZ2h0dHBzOi8vd3d3Lm5hc2RhcS5jb20vYXJ0aWNsZXMvd2l0aC1lcHMtZ3Jvd3RoLWFuZC1tb3JlLW52aWRpYS1uYXNkYXElM0FudmRhLWlzLWludGVyZXN0aW5nLTIwMjEtMDUtMjnSAWtodHRwczovL3d3dy5uYXNkYXEuY29tL2FydGljbGVzL3dpdGgtZXBzLWdyb3d0aC1hbmQtbW9yZS1udmlkaWEtbmFzZGFxJTNBbnZkYS1pcy1pbnRlcmVzdGluZy0yMDIxLTA1LTI5P2FtcA?hl=en-US&gl=US&ceid=US%3Aen,"With EPS Growth And More, NVIDIA (NASDAQ:NVDA) Is Interesting","Like a puppy chasing its tail, some new investors often chase 'the next big thing', even if that means buying 'story stocks' without revenue, let alone profit. But as ...",2021-05-29 09:00:00,"With EPS Growth And More, NVIDIA (NASDAQ:NVDA) Is Interesting Like a puppy chasing its tail, some new investors often chase 'the next big thing', even if that means buying 'story stocks' without revenue, let alone profit. But as ..."
19,NVDA,https://news.google.com/articles/CBMiSWh0dHBzOi8vZmluYW5jZS55YWhvby5jb20vbmV3cy93aHktbnZpZGlhLWNvcnAtbnZkYS1iZWNhbWUtMTYyNjI3MDU5Lmh0bWzSAVFodHRwczovL2ZpbmFuY2UueWFob28uY29tL2FtcGh0bWwvbmV3cy93aHktbnZpZGlhLWNvcnAtbnZkYS1iZWNhbWUtMTYyNjI3MDU5Lmh0bWw?hl=en-US&gl=US&ceid=US%3Aen,Here’s Why NVIDIA Corp. (NVDA) Became a Material Contributor in Vulcan Value’s Q1 Portfolio,"Vulcan Value Partners, an investment management firm, published its “Large Cap, Small Cap, Focus Composite, Focus Plus Composite, and All Cap ...",2021-05-21 07:00:00,"Here’s Why NVIDIA Corp. (NVDA) Became a Material Contributor in Vulcan Value’s Q1 Portfolio Vulcan Value Partners, an investment management firm, published its “Large Cap, Small Cap, Focus Composite, Focus Plus Composite, and All Cap ..."
20,NVDA,https://news.google.com/articles/CBMiSWh0dHBzOi8vZmluYW5jZS55YWhvby5jb20vbmV3cy93aHktbnZpZGlhLW52ZGEtcG9pc2VkLWJlYXQtMTYxMDA0NTE4Lmh0bWzSAVFodHRwczovL2ZpbmFuY2UueWFob28uY29tL2FtcGh0bWwvbmV3cy93aHktbnZpZGlhLW52ZGEtcG9pc2VkLWJlYXQtMTYxMDA0NTE4Lmh0bWw?hl=en-US&gl=US&ceid=US%3Aen,Why Nvidia (NVDA) is Poised to Beat Earnings Estimates Again,Nvidia (NVDA) has an impressive earnings surprise history and currently possesses the right combination of the two key ingredients for a likely beat in its next ...,2021-05-03 07:00:00,Why Nvidia (NVDA) is Poised to Beat Earnings Estimates Again Nvidia (NVDA) has an impressive earnings surprise history and currently possesses the right combination of the two key ingredients for a likely beat in its next ...
21,NVDA,https://news.google.com/articles/CBMiWGh0dHBzOi8vd3d3LmZvb2wuY29tL2ludmVzdGluZy8yMDIxLzA1LzIyL3Nob3VsZC15b3UtYnV5LW52aWRpYS1zdG9jay1haGVhZC1vZi1lYXJuaW5ncy_SAVxodHRwczovL3d3dy5mb29sLmNvbS9hbXAvaW52ZXN0aW5nLzIwMjEvMDUvMjIvc2hvdWxkLXlvdS1idXktbnZpZGlhLXN0b2NrLWFoZWFkLW9mLWVhcm5pbmdzLw?hl=en-US&gl=US&ceid=US%3Aen,Should You Buy NVIDIA Stock Ahead of Earnings?,We already know NVIDIA is ahead of its previous guidance. Does that make the stock a buy?,2021-05-22 07:00:00,Should You Buy NVIDIA Stock Ahead of Earnings? We already know NVIDIA is ahead of its previous guidance. Does that make the stock a buy?
22,NVDA,https://news.google.com/articles/CBMicWh0dHBzOi8vY2F0Y2hpbmduZXdzLmNvbS8yMDIxLzA1LzI4L2lzLW52aWRpYS1jb3Jwb3JhdGlvbi1udmRhLWEtZ3JlYXQtc3RvY2stdG8taGFuZGxlLWN1cnJlbnQtbWFya2V0LWNvbmRpdGlvbnMv0gEA?hl=en-US&gl=US&ceid=US%3Aen,Is NVIDIA Corporation (NVDA) a great stock to handle current market conditions?,"NVIDIA Corp (NVDA) finished another extremely solid quarter that was the best yet, thanks to strong sales amid mining and the COVID-19 pandemic. NVIDIA's ...",2021-05-28 12:00:00,"Is NVIDIA Corporation (NVDA) a great stock to handle current market conditions? NVIDIA Corp (NVDA) finished another extremely solid quarter that was the best yet, thanks to strong sales amid mining and the COVID-19 pandemic. NVIDIA's ..."
23,NVDA,https://news.google.com/articles/CBMiPmh0dHBzOi8vc3RhbnNiZXJyeXJlc2VhcmNoLmNvbS9hcnRpY2xlcy9hbWQtb24tbnZkYS1hbmQtc21oLTIv0gEA?hl=en-US&gl=US&ceid=US%3Aen,"AMD, ON, NVDA, and SMH...","Tech is still holding in, but I want to turn to the semiconductors. We added a half position in Advanced Micro Devices (AMD) before earnings and it spiked up and ...",2021-05-13 07:00:00,"AMD, ON, NVDA, and SMH... Tech is still holding in, but I want to turn to the semiconductors. We added a half position in Advanced Micro Devices (AMD) before earnings and it spiked up and ..."
24,NVDA,https://news.google.com/articles/CBMia2h0dHBzOi8vaW52ZXN0b3JwbGFjZS5jb20vMjAyMS8wNS9tb25leS1mb3Itbm90aGluZy1hcy1udmlkaWEtc3RvY2stbGFuZ3Vpc2hlcy1haGVhZC1vZi1tb250aC1lbmQtZWFybmluZ3Mv0gFvaHR0cHM6Ly9pbnZlc3RvcnBsYWNlLmNvbS8yMDIxLzA1L21vbmV5LWZvci1ub3RoaW5nLWFzLW52aWRpYS1zdG9jay1sYW5ndWlzaGVzLWFoZWFkLW9mLW1vbnRoLWVuZC1lYXJuaW5ncy9hbXAv?hl=en-US&gl=US&ceid=US%3Aen,Money for Nothing as Nvidia Stock Languishes Ahead of Month-End Earnings,Mining money from selling bullish put credit spreads as NVDA stock continues to trade sideways in front of earnings.,2021-05-06 07:00:00,Money for Nothing as Nvidia Stock Languishes Ahead of Month-End Earnings Mining money from selling bullish put credit spreads as NVDA stock continues to trade sideways in front of earnings.
25,NVDA,https://news.google.com/articles/CAIiEEwiqnneeQs-wJEZ9_LU-dEqGQgEKhAIACoHCAowt8yYCzDI1rADMNqB0gY?hl=en-US&gl=US&ceid=US%3Aen,"Nvidia's Share Value Is in its Performance, Not Metrics","NVDA stock value is in the company's ability to reinvent the sector. As long as they are executing well, the stock is cheap by all counts.",2021-05-07 15:00:00,"Nvidia's Share Value Is in its Performance, Not Metrics NVDA stock value is in the company's ability to reinvent the sector. As long as they are executing well, the stock is cheap by all counts."
26,NVDA,https://news.google.com/articles/CBMifmh0dHBzOi8vd3d3LmludmVzdG9yc29ic2VydmVyLmNvbS9uZXdzL3N0b2NrLXVwZGF0ZS9pcy1udmlkaWEtY29ycG9yYXRpb24tbnZkYS1zdG9jay1hdC10aGUtdG9wLW9mLXRoZS1zZW1pY29uZHVjdG9ycy1pbmR1c3RyedIBggFodHRwczovL3d3dy5pbnZlc3RvcnNvYnNlcnZlci5jb20vbmV3cy9zdG9jay11cGRhdGUvYW1wL2lzLW52aWRpYS1jb3Jwb3JhdGlvbi1udmRhLXN0b2NrLWF0LXRoZS10b3Atb2YtdGhlLXNlbWljb25kdWN0b3JzLWluZHVzdHJ5?hl=en-US&gl=US&ceid=US%3Aen,Is NVIDIA Corporation (NVDA) Stock at the Top of the Semiconductors Industry?,NVIDIA Corporation (NVDA) is near the top in its industry group according to InvestorsObserver. NVDA gets an overall rating of 69. That means it scores higher ...,2021-05-27 17:00:00,Is NVIDIA Corporation (NVDA) Stock at the Top of the Semiconductors Industry? NVIDIA Corporation (NVDA) is near the top in its industry group according to InvestorsObserver. NVDA gets an overall rating of 69. That means it scores higher ...
27,NVDA,https://news.google.com/articles/CBMiUmh0dHBzOi8vZmluYW5jZS55YWhvby5jb20vbmV3cy9udmlkaWEtbnZkYS1zdG9jay1vdXRwYWNpbmctY29tcHV0ZXItMTUzMDAzMjI0Lmh0bWzSAVpodHRwczovL2ZpbmFuY2UueWFob28uY29tL2FtcGh0bWwvbmV3cy9udmlkaWEtbnZkYS1zdG9jay1vdXRwYWNpbmctY29tcHV0ZXItMTUzMDAzMjI0Lmh0bWw?hl=en-US&gl=US&ceid=US%3Aen,Is NVIDIA (NVDA) Stock Outpacing Its Computer and Technology Peers This Year?,Is (NVDA) Outperforming Other Computer and Technology Stocks This Year?,2021-05-17 07:00:00,Is NVIDIA (NVDA) Stock Outpacing Its Computer and Technology Peers This Year? Is (NVDA) Outperforming Other Computer and Technology Stocks This Year?
28,NVDA,https://news.google.com/articles/CAIiEBMUy66yepIQ3CZx4s-8MSkqMwgEKioIACIQBk16dwhW7NQATcFvnDxAYSoUCAoiEAZNencIVuzUAE3Bb5w8QGEwluTZBg?hl=en-US&gl=US&ceid=US%3Aen,NVIDIA (NVDA) Stock May Have Priced In The Best Outcome Today – Own Snap,"NVIDIA Corporation (NASDAQ:NVDA), which has emerged as a powerhouse within the semiconductor space, is scheduled to report 1Q22 (ending January) ...",2021-05-26 18:00:00,"NVIDIA (NVDA) Stock May Have Priced In The Best Outcome Today – Own Snap NVIDIA Corporation (NASDAQ:NVDA), which has emerged as a powerhouse within the semiconductor space, is scheduled to report 1Q22 (ending January) ..."
29,NVDA,https://news.google.com/articles/CBMiXmh0dHBzOi8vc3RvY2tuZXdzLmNvbS9uZXdzL252ZGEtaW50Yy1udmlkaWEtdnMtaW50Yy13aGljaC1zZW1pY29uZHVjdG9yLXN0b2NrLWlzLWEtYmV0dGVyLWJ1eS_SAQA?hl=en-US&gl=US&ceid=US%3Aen,NVDA: NVIDIA vs. INTC: Which Semiconductor Stock is a Better Buy?,"NVIDIA Corporation(NASDAQ:NVDA): Amid a global supply shortage, the rising demand for semiconductor chips from various industries is driving prices higher.",2021-05-27 19:00:00,"NVDA: NVIDIA vs. INTC: Which Semiconductor Stock is a Better Buy? NVIDIA Corporation(NASDAQ:NVDA): Amid a global supply shortage, the rising demand for semiconductor chips from various industries is driving prices higher."
30,NVDA,https://news.google.com/articles/CBMicWh0dHBzOi8vd3d3LnNtYXJ0ZXJhbmFseXN0LmNvbS9uZXctYmx1cmJzL2FuYWx5c3RzLWFyZS1idWxsaXNoLW9uLXRvcC10ZWNobm9sb2d5LXN0b2Nrcy1udmlkaWEtbnZkYS1xdWFudHVtLXFtY28v0gF1aHR0cHM6Ly93d3cuc21hcnRlcmFuYWx5c3QuY29tL25ldy1ibHVyYnMvYW5hbHlzdHMtYXJlLWJ1bGxpc2gtb24tdG9wLXRlY2hub2xvZ3ktc3RvY2tzLW52aWRpYS1udmRhLXF1YW50dW0tcW1jby9hbXAv?hl=en-US&gl=US&ceid=US%3Aen,"Analysts Are Bullish on Top Technology Stocks: Nvidia (NVDA), Quantum (QMCO)","There's a lot to be optimistic about in the Technology sector as 3 analysts just weighed in on Nvidia (NVDA), Quantum (QMCO) and Pure Storage (PSTG) with.",2021-05-27 11:00:00,"Analysts Are Bullish on Top Technology Stocks: Nvidia (NVDA), Quantum (QMCO) There's a lot to be optimistic about in the Technology sector as 3 analysts just weighed in on Nvidia (NVDA), Quantum (QMCO) and Pure Storage (PSTG) with."
31,NVDA,https://news.google.com/articles/CBMiaGh0dHBzOi8vd3d3LmludmVzdG9yc29ic2VydmVyLmNvbS9uZXdzL3N0b2NrLXVwZGF0ZS9pcy1udmlkaWEtY29ycG9yYXRpb24tbnZkYS1zdG9jay1vdmVyLW9yLXVuZGVydmFsdWVk0gFsaHR0cHM6Ly93d3cuaW52ZXN0b3Jzb2JzZXJ2ZXIuY29tL25ld3Mvc3RvY2stdXBkYXRlL2FtcC9pcy1udmlkaWEtY29ycG9yYXRpb24tbnZkYS1zdG9jay1vdmVyLW9yLXVuZGVydmFsdWVk?hl=en-US&gl=US&ceid=US%3Aen,Is NVIDIA Corporation (NVDA) Stock Over or Undervalued?,InvestorsObserver gives NVIDIA Corporation (NVDA) a weak valuation score of 24 from its analysis. The proprietary scoring system considers the underlying ...,2021-05-25 17:00:00,Is NVIDIA Corporation (NVDA) Stock Over or Undervalued? InvestorsObserver gives NVIDIA Corporation (NVDA) a weak valuation score of 24 from its analysis. The proprietary scoring system considers the underlying ...
32,NVDA,https://news.google.com/articles/CAIiEGYyrLKVMWvL51aMe1z-WB0qMwgEKioIACIQT4VDYmxpaDN7y5JvscS9FioUCAoiEE-FQ2JsaWgze8uSb7HEvRYw7fHMBg?hl=en-US&gl=US&ceid=US%3Aen,"Technology Sector Update for 05/27/2021: NVDA, SNOW, DXC",Technology stocks were declining before Thursday's opening bell. The Technology Select Sector SPDR ETF (XLK) was down 0.4% while the Semiconductor ...,2021-05-27 13:00:00,"Technology Sector Update for 05/27/2021: NVDA, SNOW, DXC Technology stocks were declining before Thursday's opening bell. The Technology Select Sector SPDR ETF (XLK) was down 0.4% while the Semiconductor ..."
33,NVDA,https://news.google.com/articles/CBMiTGh0dHBzOi8vZmluYW5jZS55YWhvby5jb20vbmV3cy9udmlkaWEtc2FsZXNmb3JjZS1idXktdHdvLXRlY2gtMjA0MDA4NDc0Lmh0bWzSAVRodHRwczovL2ZpbmFuY2UueWFob28uY29tL2FtcGh0bWwvbmV3cy9udmlkaWEtc2FsZXNmb3JjZS1idXktdHdvLXRlY2gtMjA0MDA4NDc0Lmh0bWw?hl=en-US&gl=US&ceid=US%3Aen,Nvidia and Salesforce: Buy These Two Tech Stocks Before Earnings?,On today's episode of Full Court Finance at Zacks we explore the market and the overall improving earnings picture. The episode then dives into Nvidia NVDA ...,2021-05-24 20:00:00,Nvidia and Salesforce: Buy These Two Tech Stocks Before Earnings? On today's episode of Full Court Finance at Zacks we explore the market and the overall improving earnings picture. The episode then dives into Nvidia NVDA ...
34,NVDA,https://news.google.com/articles/CAIiEI2tMtog4vq3WjiWKqKQvoIqFggEKg0IACoGCAowkqEGMJBZMNL5vAY?hl=en-US&gl=US&ceid=US%3Aen,Nvidia: The 'Pick & Shovel' Of The 4th Industrial Revolution,"The 4th Industrial Revolution is upon us as we prepare for the emergence of new cyber-physical technologies including 5G, AI, autonomous driving, blockchain, ...",2021-05-17 07:00:00,"Nvidia: The 'Pick & Shovel' Of The 4th Industrial Revolution The 4th Industrial Revolution is upon us as we prepare for the emergence of new cyber-physical technologies including 5G, AI, autonomous driving, blockchain, ..."
35,NVDA,https://news.google.com/articles/CAIiEG-4M_vS-mfE7Z83NdWNdmMqEwgEKgwIACoFCAowgHkwoBEwwjU?hl=en-US&gl=US&ceid=US%3Aen,NVIDIA and Corsair Gaming Are the Best Bets on This Terrific Opportunity,"The esports market has the potential to take off in the coming years as more people tune in to watch competitive video game tournaments, leading to a sharp rise ...",2021-05-30 15:00:00,"NVIDIA and Corsair Gaming Are the Best Bets on This Terrific Opportunity The esports market has the potential to take off in the coming years as more people tune in to watch competitive video game tournaments, leading to a sharp rise ..."
36,NVDA,https://news.google.com/articles/CAIiEPq1SpeP3vkbRy_Kh7ZZv_cqMwgEKioIACIQT4VDYmxpaDN7y5JvscS9FioUCAoiEE-FQ2JsaWgze8uSb7HEvRYw6_HMBg?hl=en-US&gl=US&ceid=US%3Aen,"Notable Friday Option Activity: TTD, NVDA, MET","Looking at options trading activity among components of the Russell 3000 index, there is noteworthy activity today in The Trade Desk Inc (Symbol: TTD), where a ...",2021-05-07 19:00:00,"Notable Friday Option Activity: TTD, NVDA, MET Looking at options trading activity among components of the Russell 3000 index, there is noteworthy activity today in The Trade Desk Inc (Symbol: TTD), where a ..."
37,NVDA,https://news.google.com/articles/CBMiYmh0dHBzOi8vd3d3Lm5hc2RhcS5jb20vYXJ0aWNsZXMvaW50ZXJlc3RpbmctbnZkYS1wdXQtYW5kLWNhbGwtb3B0aW9ucy1mb3Itbm92ZW1iZXItMTl0aC0yMDIxLTA1LTI30gFmaHR0cHM6Ly93d3cubmFzZGFxLmNvbS9hcnRpY2xlcy9pbnRlcmVzdGluZy1udmRhLXB1dC1hbmQtY2FsbC1vcHRpb25zLWZvci1ub3ZlbWJlci0xOXRoLTIwMjEtMDUtMjc_YW1w?hl=en-US&gl=US&ceid=US%3Aen,Interesting NVDA Put And Call Options For November 19th,"Investors in NVIDIA Corp (Symbol: NVDA) saw new options become available today, for the November 19th expiration. One of the key inputs that goes into the ...",2021-05-27 16:00:00,"Interesting NVDA Put And Call Options For November 19th Investors in NVIDIA Corp (Symbol: NVDA) saw new options become available today, for the November 19th expiration. One of the key inputs that goes into the ..."
38,NVDA,https://news.google.com/articles/CAIiEHiRefzWBf-0_9_q25QxysoqFggEKg0IACoGCAowkqEGMJBZMOniuwY?hl=en-US&gl=US&ceid=US%3Aen,"Nvidia: Fabulous Past Gains, Expensive, And A 'Leaky Equity Bucket'",Nvidia stock has a high multiple and even higher multiple when share compensation is taken into account in determining earnings. Read more about NVDA ...,2021-05-18 13:00:00,"Nvidia: Fabulous Past Gains, Expensive, And A 'Leaky Equity Bucket' Nvidia stock has a high multiple and even higher multiple when share compensation is taken into account in determining earnings. Read more about NVDA ..."
39,NVDA,https://news.google.com/articles/CBMiaGh0dHBzOi8vcmVhbG1vbmV5LnRoZXN0cmVldC5jb20vaW52ZXN0aW5nL3N0b2Nrcy90aGUtY2hhcnRzLW9mLW52aWRpYS1jYW4tc3VwcG9ydC1mdXJ0aGVyLWdhaW5zLTE1NjY1NTYz0gEA?hl=en-US&gl=US&ceid=US%3Aen,Nvidia's Charts Show Support for Further Gains,Nvidia (NVDA) is scheduled to report its latest quarterly figures on Wednesday so a *fresh* look at the charts seems like a good idea right now. When we reviewed ...,2021-05-25 15:00:00,Nvidia's Charts Show Support for Further Gains Nvidia (NVDA) is scheduled to report its latest quarterly figures on Wednesday so a *fresh* look at the charts seems like a good idea right now. When we reviewed ...
40,NVDA,https://news.google.com/articles/CBMiXWh0dHBzOi8vd3d3LmZvb2wuY29tL2ludmVzdGluZy8yMDIxLzA1LzA2L252aWRpYS1zdG9jay13aWxsLXNreXJvY2tldC0zOC10by04MDAtYWNjb3JkaW5nLXRvL9IBYWh0dHBzOi8vd3d3LmZvb2wuY29tL2FtcC9pbnZlc3RpbmcvMjAyMS8wNS8wNi9udmlkaWEtc3RvY2std2lsbC1za3lyb2NrZXQtMzgtdG8tODAwLWFjY29yZGluZy10by8?hl=en-US&gl=US&ceid=US%3Aen,"NVIDIA Stock Will Skyrocket 38% to $800, According to This Analyst","NVIDIA (NASDAQ:NVDA) is set to dominate the artificial intelligence (AI) market in the coming years. So says Baird analyst Tristan Gerra. On Tuesday, he placed ...",2021-05-06 07:00:00,"NVIDIA Stock Will Skyrocket 38% to $800, According to This Analyst NVIDIA (NASDAQ:NVDA) is set to dominate the artificial intelligence (AI) market in the coming years. So says Baird analyst Tristan Gerra. On Tuesday, he placed ..."
41,NVDA,https://news.google.com/articles/CAIiEEublFBIlkTqvMXGUQ1KsXgqFggEKg0IACoGCAowkqEGMJBZMNL5vAY?hl=en-US&gl=US&ceid=US%3Aen,Nvidia: Negative Earnings Yield Vs. Inflation,NVIDIA's underlying fundamental valuation is failing to keep up with surging inflation rates. Its stock is the most expensive in the major semiconductor ...,2021-05-18 00:00:00,Nvidia: Negative Earnings Yield Vs. Inflation NVIDIA's underlying fundamental valuation is failing to keep up with surging inflation rates. Its stock is the most expensive in the major semiconductor ...
42,NVDA,https://news.google.com/articles/CBMicmh0dHBzOi8vd3d3LmludmVzdG9yc29ic2VydmVyLmNvbS9uZXdzL3N0b2NrLXVwZGF0ZS9pcy1udmlkaWEtY29ycG9yYXRpb24tbnZkYS1hLWdvb2QtYnV5LWluLXRoZS10ZWNobm9sb2d5LXNlY3RvctIBdmh0dHBzOi8vd3d3LmludmVzdG9yc29ic2VydmVyLmNvbS9uZXdzL3N0b2NrLXVwZGF0ZS9hbXAvaXMtbnZpZGlhLWNvcnBvcmF0aW9uLW52ZGEtYS1nb29kLWJ1eS1pbi10aGUtdGVjaG5vbG9neS1zZWN0b3I?hl=en-US&gl=US&ceid=US%3Aen,Is NVIDIA Corporation (NVDA) a Good Buy in the Technology Sector?,The 100 rating InvestorsObserver gives to NVIDIA Corporation (NVDA) stock puts it near the top of the Technology sector. In addition to scoring higher than 94 ...,2021-05-24 17:00:00,Is NVIDIA Corporation (NVDA) a Good Buy in the Technology Sector? The 100 rating InvestorsObserver gives to NVIDIA Corporation (NVDA) stock puts it near the top of the Technology sector. In addition to scoring higher than 94 ...
43,NVDA,https://news.google.com/articles/CBMiyQFodHRwczovL2Rhc2hib2FyZHMudHJlZmlzLmNvbS9kYXRhL2NvbXBhbmllcy9OVkRBL25vLWxvZ2luLXJlcXVpcmVkL3o2VzBaQVQ1Ly01LTI4LTIwMjEtTlZJRElBLU5WREEtU3RvY2stSGFzLUdhaW5lZC0zNjQtQmV0d2Vlbi0yMDE4LUVuZC1BbmQtTm93LVByaW1hcmlseS1EdWUtVG8tRmF2b3JhYmxlLUNoYW5nZXMtSW4tSXRzLVAtRS1NdWx0aXBsZS3SAQA?hl=en-US&gl=US&ceid=US%3Aen,(5/28/2021) NVIDIA (NVDA) Stock Has Gained 364% Between 2018-End And Now Primarily Due To Favorable Changes In Its P/E Multiple,NVIDIA Revenues have fallen 100% to a consolidated figure of null for the last 4 quarters from the consolidated figure of null for the 4-quarter period before that ...,2021-05-28 10:00:00,(5/28/2021) NVIDIA (NVDA) Stock Has Gained 364% Between 2018-End And Now Primarily Due To Favorable Changes In Its P/E Multiple NVIDIA Revenues have fallen 100% to a consolidated figure of null for the last 4 quarters from the consolidated figure of null for the 4-quarter period before that ...
44,NVDA,https://news.google.com/articles/CAIiEFDLX8QxOw6xAA-ad54dK6YqGQgEKhAIACoHCAowt8yYCzDI1rADMNqB0gY?hl=en-US&gl=US&ceid=US%3Aen,"5 Top Stock Trades for Thursday: PTON, LYFT, PYPL, MTCH, NVDA","Peloton, Lyft, PayPal, Match Group and Nvidia were our top stock trades for Thursday. Now, let's look at the charts to see what's going on.",2021-05-05 21:00:00,"5 Top Stock Trades for Thursday: PTON, LYFT, PYPL, MTCH, NVDA Peloton, Lyft, PayPal, Match Group and Nvidia were our top stock trades for Thursday. Now, let's look at the charts to see what's going on."
45,NVDA,https://news.google.com/articles/CAIiEJVRHr8HkujPRT8htFivBU4qMwgEKioIACIQT4VDYmxpaDN7y5JvscS9FioUCAoiEE-FQ2JsaWgze8uSb7HEvRYw6_HMBg?hl=en-US&gl=US&ceid=US%3Aen,"Notable Monday Option Activity: T, NVDA, DISCA","Looking at options trading activity among components of the S&P 500 index, there is noteworthy activity today in AT&T Inc (Symbol: T), where a total volume of ...",2021-05-17 17:00:00,"Notable Monday Option Activity: T, NVDA, DISCA Looking at options trading activity among components of the S&P 500 index, there is noteworthy activity today in AT&T Inc (Symbol: T), where a total volume of ..."
46,NVDA,https://news.google.com/articles/CBMiUWh0dHBzOi8vZmluYW5jZS55YWhvby5jb20vbmV3cy90b255LXpoYW5ncy1udmlkaWEtb3B0aW9ucy1zdHJhdGVneS0xMjAwMjQ2MjMuaHRtbNIBWWh0dHBzOi8vZmluYW5jZS55YWhvby5jb20vYW1waHRtbC9uZXdzL3RvbnktemhhbmdzLW52aWRpYS1vcHRpb25zLXN0cmF0ZWd5LTEyMDAyNDYyMy5odG1s?hl=en-US&gl=US&ceid=US%3Aen,Tony Zhang's NVIDIA Options Strategy,"On CNBC's ""Options Action,"" Tony Zhang said his bullish stance on NVIDIA Corporation (NASDAQ: NVDA) wasn't particularly good on timing so he is taking one ...",2021-05-23 12:00:00,"Tony Zhang's NVIDIA Options Strategy On CNBC's ""Options Action,"" Tony Zhang said his bullish stance on NVIDIA Corporation (NASDAQ: NVDA) wasn't particularly good on timing so he is taking one ..."
47,NVDA,https://news.google.com/articles/CBMibWh0dHBzOi8vd3d3LmludmVzdG9yc29ic2VydmVyLmNvbS9uZXdzL3N0b2NrLXVwZGF0ZS9pcy1udmlkaWEtY29ycG9yYXRpb24tbnZkYS1zdG9jay1hLWdvb2QtdmFsdWUtd2VkbmVzZGF5LTLSAXFodHRwczovL3d3dy5pbnZlc3RvcnNvYnNlcnZlci5jb20vbmV3cy9zdG9jay11cGRhdGUvYW1wL2lzLW52aWRpYS1jb3Jwb3JhdGlvbi1udmRhLXN0b2NrLWEtZ29vZC12YWx1ZS13ZWRuZXNkYXktMg?hl=en-US&gl=US&ceid=US%3Aen,Is NVIDIA Corporation (NVDA) Stock a Good Value Wednesday?,A rating of 82 puts NVIDIA Corporation (NVDA) near the top of the Technology sector according to InvestorsObserver.,2021-05-05 07:00:00,Is NVIDIA Corporation (NVDA) Stock a Good Value Wednesday? A rating of 82 puts NVIDIA Corporation (NVDA) near the top of the Technology sector according to InvestorsObserver.
48,NVDA,https://news.google.com/articles/CAIiEMsgiFmhnyG9P7ebY4cPLAUqEwgEKgwIACoFCAowgHkwoBEwwjU?hl=en-US&gl=US&ceid=US%3Aen,Is the Growth Stock Bull Market About to Make a Comeback?,There are some signs that Wall Street is warming up again to growth stocks.,2021-05-31 10:00:00,Is the Growth Stock Bull Market About to Make a Comeback? There are some signs that Wall Street is warming up again to growth stocks.
49,NVDA,https://news.google.com/articles/CBMiRGh0dHBzOi8vZmluYW5jZS55YWhvby5jb20vdmlkZW8vbnZpZGlhLWhpdHMtYnV5LXBvaW50LTE3MjYxMjA3NS5odG1s0gFMaHR0cHM6Ly9maW5hbmNlLnlhaG9vLmNvbS9hbXBodG1sL3ZpZGVvL252aWRpYS1oaXRzLWJ1eS1wb2ludC0xNzI2MTIwNzUuaHRtbA?hl=en-US&gl=US&ceid=US%3Aen,Nvidia Hits Buy Point,Nvidia clears 648.67 buy point (at least intraday) … in strong volume. Delayed reaction to strong earnings. RS line moving toward recent highs. Was an early ...,2021-05-28 17:00:00,Nvidia Hits Buy Point Nvidia clears 648.67 buy point (at least intraday) … in strong volume. Delayed reaction to strong earnings. RS line moving toward recent highs. Was an early ...
50,NVDA,https://news.google.com/articles/CBMicWh0dHBzOi8vbWFya2V0Z2xvYmFsaXN0LmNvbS8yMDIxLzA1LzExL3doeS1udmlkaWEtY29ycG9yYXRpb24tbmFzZGFxLW52ZGEtc3RvY2stZHJvcHBlZC1pbi10aGUtcHJlbWFya2V0LXNlc3Npb24v0gFxaHR0cHM6Ly9tYXJrZXRnbG9iYWxpc3QuY29tLzIwMjEvMDUvMTEvd2h5LW52aWRpYS1jb3Jwb3JhdGlvbi1uYXNkYXEtbnZkYS1zdG9jay1kcm9wcGVkLWluLXRoZS1wcmVtYXJrZXQtc2Vzc2lvbi8?hl=en-US&gl=US&ceid=US%3Aen,Why NVIDIA Corporation (NASDAQ: NVDA) stock dropped in the premarket session?,NVIDIA Corporation (NASDAQ: NVDA) a graphics processing chip manufacturer that currently generates most of its revenue from the sales of graphics ...,2021-05-11 07:00:00,Why NVIDIA Corporation (NASDAQ: NVDA) stock dropped in the premarket session? NVIDIA Corporation (NASDAQ: NVDA) a graphics processing chip manufacturer that currently generates most of its revenue from the sales of graphics ...
51,NVDA,https://news.google.com/articles/CBMiTGh0dHBzOi8vd3d3LmZvb2wuY29tL2ludmVzdGluZy8yMDIxLzA1LzA0L3doeS1udmlkaWEtc3RvY2stcm9zZS0xMi1pbi1hcHJpbC_SAVBodHRwczovL3d3dy5mb29sLmNvbS9hbXAvaW52ZXN0aW5nLzIwMjEvMDUvMDQvd2h5LW52aWRpYS1zdG9jay1yb3NlLTEyLWluLWFwcmlsLw?hl=en-US&gl=US&ceid=US%3Aen,Why NVIDIA Stock Rose 12% in April,"NVIDIA (NASDAQ:NVDA) shareholders beat a booming market last month. Their stock rose 12% in April compared to a 5.2% spike in the S&P 500, according to ...",2021-05-04 07:00:00,"Why NVIDIA Stock Rose 12% in April NVIDIA (NASDAQ:NVDA) shareholders beat a booming market last month. Their stock rose 12% in April compared to a 5.2% spike in the S&P 500, according to ..."
52,NVDA,https://news.google.com/articles/CBMinQFodHRwczovL3d3dy5pbnZlc3RvcnNvYnNlcnZlci5jb20vbmV3cy9zdG9jay11cGRhdGUvd2hlcmUtZG9lcy1udmlkaWEtY29ycG9yYXRpb24tbnZkYS1zdG9jay1mYWxsLWluLXRoZS1zZW1pY29uZHVjdG9ycy1maWVsZC1hZnRlci1pdC1pcy1kb3duLTAtNDctdGhpcy13ZWVr0gGhAWh0dHBzOi8vd3d3LmludmVzdG9yc29ic2VydmVyLmNvbS9uZXdzL3N0b2NrLXVwZGF0ZS9hbXAvd2hlcmUtZG9lcy1udmlkaWEtY29ycG9yYXRpb24tbnZkYS1zdG9jay1mYWxsLWluLXRoZS1zZW1pY29uZHVjdG9ycy1maWVsZC1hZnRlci1pdC1pcy1kb3duLTAtNDctdGhpcy13ZWVr?hl=en-US&gl=US&ceid=US%3Aen,Where Does NVIDIA Corporation (NVDA) Stock Fall in the Semiconductors Field After It Is Down -0.47% This Week?,A rating of 77 puts NVIDIA Corporation (NVDA) near the top of the Semiconductors industry according to Inves.,2021-05-19 14:00:00,Where Does NVIDIA Corporation (NVDA) Stock Fall in the Semiconductors Field After It Is Down -0.47% This Week? A rating of 77 puts NVIDIA Corporation (NVDA) near the top of the Semiconductors industry according to Inves.
53,NVDA,https://news.google.com/articles/CBMiQ2h0dHBzOi8vd3d3LnJlcG9ydGRvb3IuY29tL252aWRpYS1lYXJuaW5ncy13aGF0LWhhcHBlbmVkLXdpdGgtbnZkYS_SAQA?hl=en-US&gl=US&ceid=US%3Aen,Nvidia Earnings: What Happened with NVDA,"Investopedia requires writers to use primary sources to support their work. These include white papers, government data, original reporting, and interviews with ...",2021-05-26 22:00:00,"Nvidia Earnings: What Happened with NVDA Investopedia requires writers to use primary sources to support their work. These include white papers, government data, original reporting, and interviews with ..."
54,NVDA,https://news.google.com/articles/CAIiEP7eZXYoLa2Z8l7lAkz2E_oqGQgEKhAIACoHCAow6JCQCzCU96MDMImgiAc?hl=en-US&gl=US&ceid=US%3Aen,How High Could Nvidia Stock Go? Baird Thinks Another 40 Percent,Nvidia (NVDA) stock was among the best performing S&P 500 stocks in 2020. It's also outperforming the index in 2021. Baird has initiated coverage on NVDA ...,2021-05-06 15:00:00,How High Could Nvidia Stock Go? Baird Thinks Another 40 Percent Nvidia (NVDA) stock was among the best performing S&P 500 stocks in 2020. It's also outperforming the index in 2021. Baird has initiated coverage on NVDA ...
55,NVDA,https://news.google.com/articles/CBMiXWh0dHBzOi8vd3d3LmZvb2wuY29tL2ludmVzdGluZy8yMDIxLzA1LzIwL252aWRpYS1pcy1zaG93aW5nLXNpZ25zLW9mLWJlY29taW5nLWEtdG9wLTVnLXN0b2NrL9IBYWh0dHBzOi8vd3d3LmZvb2wuY29tL2FtcC9pbnZlc3RpbmcvMjAyMS8wNS8yMC9udmlkaWEtaXMtc2hvd2luZy1zaWducy1vZi1iZWNvbWluZy1hLXRvcC01Zy1zdG9jay8?hl=en-US&gl=US&ceid=US%3Aen,NVIDIA Is Showing Signs of Becoming a Top 5G Stock,"NVIDIA (NASDAQ:NVDA) is famous for making graphics cards that power computers and data centers, but the chipmaker is gradually making its presence felt in ...",2021-05-20 12:00:00,"NVIDIA Is Showing Signs of Becoming a Top 5G Stock NVIDIA (NASDAQ:NVDA) is famous for making graphics cards that power computers and data centers, but the chipmaker is gradually making its presence felt in ..."
56,NVDA,https://news.google.com/articles/CAIiEIs9Jtl8feBK4BvhYCAQhZIqFQgEKg0IACoGCAow8_0FMPBXMNniAg?hl=en-US&gl=US&ceid=US%3Aen,"Jim Cramer on AMC, GameStop, Snowflake, Nvidia, Best Buy","Watch Jim Cramer break down Thursday's biggest stock market movers live: NVDA, AMC, GME, BBY, SNOW and more.",2021-05-27 14:00:00,"Jim Cramer on AMC, GameStop, Snowflake, Nvidia, Best Buy Watch Jim Cramer break down Thursday's biggest stock market movers live: NVDA, AMC, GME, BBY, SNOW and more."
57,NVDA,https://news.google.com/articles/CAIiEKsOKcW7adY8t0OI0SY3k6QqFggEKg0IACoGCAowkqEGMJBZMNL5vAY?hl=en-US&gl=US&ceid=US%3Aen,Can AMD Stock Price Reach Nvidia's Levels,"Despite blockbuster quarterly results, AMD's share price fell double digits year to date. Find out if AMD stock can reach Nvidia's price.",2021-05-05 18:00:00,"Can AMD Stock Price Reach Nvidia's Levels Despite blockbuster quarterly results, AMD's share price fell double digits year to date. Find out if AMD stock can reach Nvidia's price."
58,NVDA,https://news.google.com/articles/CBMiY2h0dHBzOi8vc2Vla2luZ2FscGhhLmNvbS9uZXdzLzM2OTExMDktbnZpZGlhLXdpbGwtZG9taW5hdGUtZGF0YS1jZW50ZXJzLXNheXMtYmFpcmQtaW4tYnVsbGlzaC1zdGFydNIBZ2h0dHBzOi8vc2Vla2luZ2FscGhhLmNvbS9hbXAvbmV3cy8zNjkxMTA5LW52aWRpYS13aWxsLWRvbWluYXRlLWRhdGEtY2VudGVycy1zYXlzLWJhaXJkLWluLWJ1bGxpc2gtc3RhcnQ?hl=en-US&gl=US&ceid=US%3Aen,"Nvidia will dominate data centers, says Baird in bullish start","Writing that ""AIcomputing represents the most transformational technology of our era,""Baird analyst Tristan Gerra initiates Nvidia (NVDA)with an Outperform ...",2021-05-05 07:00:00,"Nvidia will dominate data centers, says Baird in bullish start Writing that ""AIcomputing represents the most transformational technology of our era,""Baird analyst Tristan Gerra initiates Nvidia (NVDA)with an Outperform ..."
59,NVDA,https://news.google.com/articles/CBMia2h0dHBzOi8vd3d3LmludmVzdG9yc29ic2VydmVyLmNvbS9uZXdzL3N0b2Nrcy10by13YXRjaC9udmlkaWEtY29ycG9yYXRpb24tbnZkYS10by1yZWxlYXNlLXF1YXJ0ZXItMi1udW1iZXJz0gEA?hl=en-US&gl=US&ceid=US%3Aen,NVIDIA Corporation (NVDA) to Release Quarter 2 Numbers,NVIDIA Corporation (NVDA) is scheduled to report Quarter 2 numbers after the market close on May 26. Analysts forecast earnings of $0.20 per share for the ...,2021-05-21 20:00:00,NVIDIA Corporation (NVDA) to Release Quarter 2 Numbers NVIDIA Corporation (NVDA) is scheduled to report Quarter 2 numbers after the market close on May 26. Analysts forecast earnings of $0.20 per share for the ...
60,NVDA,https://news.google.com/articles/CBMiXWh0dHBzOi8vd3d3LmZvb2wuY29tL2ludmVzdGluZy8yMDIxLzA1LzAzL252aWRpYXMtd29yc3QtcGVyZm9ybWluZy1idXNpbmVzcy1jb3VsZC10YWtlLW9mZi1sL9IBYWh0dHBzOi8vd3d3LmZvb2wuY29tL2FtcC9pbnZlc3RpbmcvMjAyMS8wNS8wMy9udmlkaWFzLXdvcnN0LXBlcmZvcm1pbmctYnVzaW5lc3MtY291bGQtdGFrZS1vZmYtbC8?hl=en-US&gl=US&ceid=US%3Aen,NVIDIA's Worst-Performing Business Could Take Off Like Its Data Center Segment Did,"Though NVIDIA (NASDAQ:NVDA) has been flying high and delivering rapid revenue and earnings growth over the past few quarters, the graphics processor ...",2021-05-03 07:00:00,"NVIDIA's Worst-Performing Business Could Take Off Like Its Data Center Segment Did Though NVIDIA (NASDAQ:NVDA) has been flying high and delivering rapid revenue and earnings growth over the past few quarters, the graphics processor ..."
61,NVDA,https://news.google.com/articles/CBMiVmh0dHBzOi8vZmluYW5jZS55YWhvby5jb20vbmV3cy96YWNrcy1pbmR1c3RyeS1vdXRsb29rLWhpZ2hsaWdodHMtbnZpZGlhLTExMzkxMTQ1Ny5odG1s0gFeaHR0cHM6Ly9maW5hbmNlLnlhaG9vLmNvbS9hbXBodG1sL25ld3MvemFja3MtaW5kdXN0cnktb3V0bG9vay1oaWdobGlnaHRzLW52aWRpYS0xMTM5MTE0NTcuaHRtbA?hl=en-US&gl=US&ceid=US%3Aen,Zacks Industry Outlook Highlights: NVIDIA and Texas Instruments,"Chicago, IL – May 11, 2021 – Today, Zacks Equity Research discusses Semiconductors, including NVIDIA Corporation NVDA and Texas Instruments ...",2021-05-11 07:00:00,"Zacks Industry Outlook Highlights: NVIDIA and Texas Instruments Chicago, IL – May 11, 2021 – Today, Zacks Equity Research discusses Semiconductors, including NVIDIA Corporation NVDA and Texas Instruments ..."
62,NVDA,https://news.google.com/articles/CBMiW2h0dHBzOi8vd3d3LmZvb2wuY29tL2ludmVzdGluZy8yMDIxLzA1LzIyLzMtc2VsbC1vZmYtc3RvY2tzLXRoYXQtY291bGQtc2V0LXlvdS11cC1mb3ItbGlmZS_SAV9odHRwczovL3d3dy5mb29sLmNvbS9hbXAvaW52ZXN0aW5nLzIwMjEvMDUvMjIvMy1zZWxsLW9mZi1zdG9ja3MtdGhhdC1jb3VsZC1zZXQteW91LXVwLWZvci1saWZlLw?hl=en-US&gl=US&ceid=US%3Aen,3 Sell-Off Stocks That Could Set You Up for Life,"Even as the major market indexes are topping *fresh* highs, there are plenty of great growth stocks out there that have been punished as some investors have ...",2021-05-22 07:00:00,"3 Sell-Off Stocks That Could Set You Up for Life Even as the major market indexes are topping *fresh* highs, there are plenty of great growth stocks out there that have been punished as some investors have ..."
63,NVDA,https://news.google.com/articles/CAIiED3a_-hQXUE7rJ1TUacGvmsqFQgEKg0IACoGCAow8_0FMPBXMLniAg?hl=en-US&gl=US&ceid=US%3Aen,Nvidia Seen Posting Sales Beat on Surging Crypto Mining Demand,Nvidia is seen posting strong sales and earnings when it releases its quarterly earnings amid surging demand for its gaming graphics cards used to mine ...,2021-05-26 14:00:00,Nvidia Seen Posting Sales Beat on Surging Crypto Mining Demand Nvidia is seen posting strong sales and earnings when it releases its quarterly earnings amid surging demand for its gaming graphics cards used to mine ...
64,NVDA,https://news.google.com/articles/CBMiqAFodHRwczovL3d3dy5zdHJlZXRpbnNpZGVyLmNvbS9Db3Jwb3JhdGUrTmV3cy9OVklESUErJTI4TlZEQSUyOStyZWR1Y2VzK2hhc2grcmF0ZStvZituZXdseSttYW51ZmFjdHVyZWQrR2VGb3JjZStSVFgrMzA4MCUyQyszMDcwK2FuZCszMDYwK1RpK2dyYXBoaWNzK2NhcmRzLzE4NDM5NTM5Lmh0bWzSAQA?hl=en-US&gl=US&ceid=US%3Aen,"NVIDIA (NVDA) reduces hash rate of newly manufactured GeForce RTX 3080, 3070 and 3060 Ti graphics cards",Get instant alerts when news breaks on your stocks. Claim your 1-week free trial to StreetInsider Premium here. NVIDIA (NASDAQ: NVDA) said in a blog post:.,2021-05-18 07:00:00,"NVIDIA (NVDA) reduces hash rate of newly manufactured GeForce RTX 3080, 3070 and 3060 Ti graphics cards Get instant alerts when news breaks on your stocks. Claim your 1-week free trial to StreetInsider Premium here. NVIDIA (NASDAQ: NVDA) said in a blog post:."
65,NVDA,https://news.google.com/articles/CBMiZ2h0dHBzOi8vd3d3LnNtYXJ0ZXJhbmFseXN0LmNvbS9uZXctYmx1cmJzL3dhbGwtc3RyZWV0LWFuYWx5c3RzLWFyZS1idWxsaXNoLW9uLXRvcC10ZWNobm9sb2d5LXBpY2tzLTIwNy_SAWtodHRwczovL3d3dy5zbWFydGVyYW5hbHlzdC5jb20vbmV3LWJsdXJicy93YWxsLXN0cmVldC1hbmFseXN0cy1hcmUtYnVsbGlzaC1vbi10b3AtdGVjaG5vbG9neS1waWNrcy0yMDcvYW1wLw?hl=en-US&gl=US&ceid=US%3Aen,Wall Street Analysts Are Bullish on Top Technology Picks,"There's a lot to be optimistic about in the Technology sector as 3 analysts just weighed in on Nvidia (NVDA), Workday (WDAY) and HEICO (HEI) with bullish.",2021-05-31 08:00:00,"Wall Street Analysts Are Bullish on Top Technology Picks There's a lot to be optimistic about in the Technology sector as 3 analysts just weighed in on Nvidia (NVDA), Workday (WDAY) and HEICO (HEI) with bullish."
66,NVDA,https://news.google.com/articles/CBMiaWh0dHBzOi8vd3d3Lm5hc2RhcS5jb20vdmlkZW9zL3RyYWRldGFsa3MlM0Etd2Vla2x5LXBlcmZvcm1hbmNlLWluLXRoZS1uYXNkYXEtMTAwLWFuZC1jYXRhbHlzdC1iZWhpbmQtbnZkYdIBAA?hl=en-US&gl=US&ceid=US%3Aen,#TradeTalks: Weekly performance in the Nasdaq-100 and catalyst behind #NVDA,Invesco Factor and Core Equity Strategist Ryan McCormack discusses weekly performance in the Nasdaq-100 and catalyst behind $NVDA.,2021-05-26 23:00:00,#TradeTalks: Weekly performance in the Nasdaq-100 and catalyst behind #NVDA Invesco Factor and Core Equity Strategist Ryan McCormack discusses weekly performance in the Nasdaq-100 and catalyst behind $NVDA.
67,NVDA,https://news.google.com/articles/CBMiY2h0dHBzOi8vc2Vla2luZ2FscGhhLmNvbS9uZXdzLzM2OTUzNzUtbnZpZGlhLXN0b2NrLWluLWFybS1kZWFsLXVzZWQtdG8tZXhwbGFpbi1zb2Z0YmFuay1jZW9zLXZpc2lvbtIBZ2h0dHBzOi8vc2Vla2luZ2FscGhhLmNvbS9hbXAvbmV3cy8zNjk1Mzc1LW52aWRpYS1zdG9jay1pbi1hcm0tZGVhbC11c2VkLXRvLWV4cGxhaW4tc29mdGJhbmstY2Vvcy12aXNpb24?hl=en-US&gl=US&ceid=US%3Aen,Nvidia stock in Arm deal used to explain SoftBank CEO's vision,"After the company reported the highest annual profit for any Japanese company, SoftBank (OTCPK:SFTBF,OTCPK:SFTBY) CEO Masayoshi Son told reporters ...",2021-05-12 07:00:00,"Nvidia stock in Arm deal used to explain SoftBank CEO's vision After the company reported the highest annual profit for any Japanese company, SoftBank (OTCPK:SFTBF,OTCPK:SFTBY) CEO Masayoshi Son told reporters ..."
68,NVDA,https://news.google.com/articles/CBMicmh0dHBzOi8vd3d3LmJlbnppbmdhLmNvbS90cmFkaW5nLWlkZWFzL2xvbmctaWRlYXMvMjEvMDUvMjEyNjE0MjMvd2hhdHMtZ29pbmctb24td2l0aC1udmlkaWEtYW5kLW1pY3Jvbi1zdG9jay10b2RhedIBAA?hl=en-US&gl=US&ceid=US%3Aen,What's Going On With Nvidia And Micron Stock Today?,"If you are looking to learn how to properly analyze stocks before trading them in order to consistently find winners, then click here to see how you can earn while ...",2021-05-24 16:00:00,"What's Going On With Nvidia And Micron Stock Today? If you are looking to learn how to properly analyze stocks before trading them in order to consistently find winners, then click here to see how you can earn while ..."
69,NVDA,https://news.google.com/articles/CBMiSmh0dHBzOi8vZmluYW5jZS55YWhvby5jb20vbmV3cy8xMC1iZXN0LXN0b2Nrcy1idXktZmluYW5jaWFsLTIxMjIyMTYxMC5odG1s0gFSaHR0cHM6Ly9maW5hbmNlLnlhaG9vLmNvbS9hbXBodG1sL25ld3MvMTAtYmVzdC1zdG9ja3MtYnV5LWZpbmFuY2lhbC0yMTIyMjE2MTAuaHRtbA?hl=en-US&gl=US&ceid=US%3Aen,10 Best Stocks to Buy for Financial Independence,"In this article we will take a look at the 10 best stocks to buy for financial independence. You can skip our detailed analysis of these companies, and go directly to ...",2021-05-24 21:00:00,"10 Best Stocks to Buy for Financial Independence In this article we will take a look at the 10 best stocks to buy for financial independence. You can skip our detailed analysis of these companies, and go directly to ..."
70,NVDA,https://news.google.com/articles/CBMiQmh0dHBzOi8vZmluYW5jZS55YWhvby5jb20vbmV3cy9udmlkaWEtZ2FtZXJzLW1pbmVycy0wMDE1MzM4OTIuaHRtbNIBSmh0dHBzOi8vZmluYW5jZS55YWhvby5jb20vYW1waHRtbC9uZXdzL252aWRpYS1nYW1lcnMtbWluZXJzLTAwMTUzMzg5Mi5odG1s?hl=en-US&gl=US&ceid=US%3Aen,Nvidia: Gamers Before Miners,Anyone new to the crypto sphere received a freezing cold bath this week as the whole space from Bitcoin downwards went through one of its terrifying swoons.,2021-05-20 07:00:00,Nvidia: Gamers Before Miners Anyone new to the crypto sphere received a freezing cold bath this week as the whole space from Bitcoin downwards went through one of its terrifying swoons.
71,NVDA,https://news.google.com/articles/CBMiSGh0dHBzOi8vZmluYW5jZS55YWhvby5jb20vbmV3cy9idWxsLWRheS1hc21sLWhvbGRpbmctYXNtbC0wOTIwMDk0MjUuaHRtbNIBUGh0dHBzOi8vZmluYW5jZS55YWhvby5jb20vYW1waHRtbC9uZXdzL2J1bGwtZGF5LWFzbWwtaG9sZGluZy1hc21sLTA5MjAwOTQyNS5odG1s?hl=en-US&gl=US&ceid=US%3Aen,Bull of the Day: ASML Holding (ASML),ASML Holding N.V. (ASML) is the $275 billion maker of photolithography equipment for the laser etching of semiconductor integrated circuits (ICs).,2021-05-26 09:00:00,Bull of the Day: ASML Holding (ASML) ASML Holding N.V. (ASML) is the $275 billion maker of photolithography equipment for the laser etching of semiconductor integrated circuits (ICs).
72,NVDA,https://news.google.com/articles/CAIiEGihOFyp4PsWna5af579NDoqGQgEKhAIACoHCAowtZihCzDNorkDMOSX-AY?hl=en-US&gl=US&ceid=US%3Aen,Would you like to buy these two tech stocks before making a profit?,"In today's episode of Full Court Finance at Zack, we'll look at how the market and overall earnings are improving.Episode jumps next NVIDIA NVDA And ...",2021-05-28 03:00:00,"Would you like to buy these two tech stocks before making a profit? In today's episode of Full Court Finance at Zack, we'll look at how the market and overall earnings are improving.Episode jumps next NVIDIA NVDA And ..."
73,NVDA,https://news.google.com/articles/CBMilQFodHRwczovL3d3dy50cmVmaXMuY29tL2RhdGEvY29tcGFuaWVzL0FNRC9uby1sb2dpbi1yZXF1aXJlZC9CYTlCMGkzZC9BTUQtNzEtWVRELVJldHVybi1PdXRwZXJmb3Jtcy1JTlRDLWJ5LTc2LWFuZC1VbmRlcnBlcmZvcm1zLU5WREEtYnktOTUtNS0yOC0yMDIxLdIBAA?hl=en-US&gl=US&ceid=US%3Aen,AMD 71% YTD Return Outperforms INTC by 76% and Underperforms NVDA by -95% (5/28/2021),vs. Advanced Micro Devices (AMD). TAKEAWAYS. 3 Year Returns and Financial Performance Compared. BY PEER COMPARISON FOR 2014-2019:.,2021-05-28 18:00:00,AMD 71% YTD Return Outperforms INTC by 76% and Underperforms NVDA by -95% (5/28/2021) vs. Advanced Micro Devices (AMD). TAKEAWAYS. 3 Year Returns and Financial Performance Compared. BY PEER COMPARISON FOR 2014-2019:.
74,NVDA,https://news.google.com/articles/CAIiEOaw42C3ewKaSBZubsOU2z4qEwgEKgwIACoFCAowgHkwoBEwwjU?hl=en-US&gl=US&ceid=US%3Aen,3 Top Tech Stocks to Buy Right Now,"Tech stocks have delivered a lackluster performance in 2021 so far. The S&P 500 Information Technology sector is up 5% year-to-date, significantly trailing the ...",2021-05-09 12:00:00,"3 Top Tech Stocks to Buy Right Now Tech stocks have delivered a lackluster performance in 2021 so far. The S&P 500 Information Technology sector is up 5% year-to-date, significantly trailing the ..."
75,NVDA,https://news.google.com/articles/CBMiUmh0dHBzOi8vZmluYW5jZS55YWhvby5jb20vbmV3cy96YWNrcy1hbmFseXN0LWJsb2ctaGlnaGxpZ2h0cy1nb29nbGUtMTA0OTEwNjkyLmh0bWzSAVpodHRwczovL2ZpbmFuY2UueWFob28uY29tL2FtcGh0bWwvbmV3cy96YWNrcy1hbmFseXN0LWJsb2ctaGlnaGxpZ2h0cy1nb29nbGUtMTA0OTEwNjkyLmh0bWw?hl=en-US&gl=US&ceid=US%3Aen,"The Zacks Analyst Blog Highlights: Google, NVIDIA, Microsoft and Facebook","Chicago, IL – May 5, 2021 – Zacks.com announces the list of stocks featured in the Analyst Blog. Every day the Zacks Equity Research analysts discuss the ...",2021-05-05 07:00:00,"The Zacks Analyst Blog Highlights: Google, NVIDIA, Microsoft and Facebook Chicago, IL – May 5, 2021 – Zacks.com announces the list of stocks featured in the Analyst Blog. Every day the Zacks Equity Research analysts discuss the ..."
76,NVDA,https://news.google.com/articles/CBMiX2h0dHBzOi8vd3d3LmJlbnppbmdhLmNvbS9tYXJrZXRzL29wdGlvbnMvMjEvMDUvMjEzMzk1NjAvdW51c3VhbC1vcHRpb25zLWFjdGl2aXR5LWluc2lnaHQtbnZpZGlh0gEA?hl=en-US&gl=US&ceid=US%3Aen,Unusual Options Activity Insight: NVIDIA,Thousands of traders just like you are using Benzinga Options to learn the options trading formula that Nic Chahine uses to earn a full-time living. Click here to ...,2021-05-28 14:00:00,Unusual Options Activity Insight: NVIDIA Thousands of traders just like you are using Benzinga Options to learn the options trading formula that Nic Chahine uses to earn a full-time living. Click here to ...
77,NVDA,https://news.google.com/articles/CBMiRGh0dHBzOi8vd3d3LnJlcG9ydGRvb3IuY29tL3doeS1hbWQtaXMtdGhlLWJlc3QtZ3Jvd3RoLXN0b2NrLW9mLTIwMjEv0gEA?hl=en-US&gl=US&ceid=US%3Aen,Why AMD Is the Best Growth Stock of 2021,"TipRanksNvidia vs. AMD: Which Chip Stock Will Fetch Higher Returns?Last year, the semiconductor industry saw strong demand for semiconductors as people.",2021-05-30 06:00:00,"Why AMD Is the Best Growth Stock of 2021 TipRanksNvidia vs. AMD: Which Chip Stock Will Fetch Higher Returns?Last year, the semiconductor industry saw strong demand for semiconductors as people."
78,NVDA,https://news.google.com/articles/CBMiV2h0dHBzOi8vd3d3LmN0cG9zdC5jb20vYnVzaW5lc3MvYXJ0aWNsZS9OdmlkaWEtRmlzY2FsLVExLUVhcm5pbmdzLVNuYXBzaG90LTE2MjA1NTAzLnBocNIBU2h0dHBzOi8vd3d3LmN0cG9zdC5jb20vYnVzaW5lc3MvYW1wL052aWRpYS1GaXNjYWwtUTEtRWFybmluZ3MtU25hcHNob3QtMTYyMDU1MDMucGhw?hl=en-US&gl=US&ceid=US%3Aen,Nvidia: Fiscal Q1 Earnings Snapshot,"SANTA CLARA, Calif. (AP) _ Nvidia Corp. (NVDA) on Wednesday reported fiscal first-quarter...",2021-05-26 20:00:00,"Nvidia: Fiscal Q1 Earnings Snapshot SANTA CLARA, Calif. (AP) _ Nvidia Corp. (NVDA) on Wednesday reported fiscal first-quarter..."
79,NVDA,https://news.google.com/articles/CBMiWGh0dHBzOi8vd3d3LmJlbnppbmdhLmNvbS9uZXdzLzIxLzA1LzIwOTY1MDc1L3doYXRzLWdvaW5nLW9uLXdpdGgtbnZpZGlhLWFtZC1hbmQtcXVhbGNvbW3SAQA?hl=en-US&gl=US&ceid=US%3Aen,"What's Going On With Nvidia, AMD And Qualcomm?",Thousands of traders just like you are using Benzinga Options to learn the options trading formula that Nic Chahine uses to earn a full-time living. Click here to ...,2021-05-06 07:00:00,"What's Going On With Nvidia, AMD And Qualcomm? Thousands of traders just like you are using Benzinga Options to learn the options trading formula that Nic Chahine uses to earn a full-time living. Click here to ..."
80,NVDA,https://news.google.com/articles/CBMiUWh0dHBzOi8vZmluYW5jZS55YWhvby5jb20vbmV3cy9udmlkaWEtcmVjb3ZlcnMtcHJlbWFya2V0LXExLXBvaW50cy0wNzM4NTQzMjcuaHRtbNIBWWh0dHBzOi8vZmluYW5jZS55YWhvby5jb20vYW1waHRtbC9uZXdzL252aWRpYS1yZWNvdmVycy1wcmVtYXJrZXQtcTEtcG9pbnRzLTA3Mzg1NDMyNy5odG1s?hl=en-US&gl=US&ceid=US%3Aen,Nvidia Recovers Premarket As Q1 Update Points To Supply Chain Issues,By Dhirendra Tripathi. Investing — Nvidia (NASDAQ:NVDA) shares erased their early losses and traded 0.8% higher in Thursday's premarket as concerns over ...,2021-05-27 07:00:00,Nvidia Recovers Premarket As Q1 Update Points To Supply Chain Issues By Dhirendra Tripathi. Investing — Nvidia (NASDAQ:NVDA) shares erased their early losses and traded 0.8% higher in Thursday's premarket as concerns over ...
81,NVDA,https://news.google.com/articles/CAIiEMhNRFjWZt-2urJdGUZVlq0qFggEKg0IACoGCAowkqEGMJBZMMTouwY?hl=en-US&gl=US&ceid=US%3Aen,AMD files Xilinx planned acquisition for EU approval,"Advanced Micro Devices (AMD) has filed its planned acquisition of Xilinx (XLNX) with the European Union for review, according to a filing on the European ...",2021-05-27 12:00:00,"AMD files Xilinx planned acquisition for EU approval Advanced Micro Devices (AMD) has filed its planned acquisition of Xilinx (XLNX) with the European Union for review, according to a filing on the European ..."
82,NVDA,https://news.google.com/articles/CBMiRWh0dHBzOi8vZmluYW5jZS55YWhvby5jb20vbmV3cy9zbWFydC1tb25leS1udmlkaWEtbnZkYS0xNjQ4MjAxOTAuaHRtbNIBTWh0dHBzOi8vZmluYW5jZS55YWhvby5jb20vYW1waHRtbC9uZXdzL3NtYXJ0LW1vbmV5LW52aWRpYS1udmRhLTE2NDgyMDE5MC5odG1s?hl=en-US&gl=US&ceid=US%3Aen,Was The Smart Money Right About NVIDIA (NVDA)?,"Hedge Funds and other institutional investors have just completed filing their 13Fs with the Securities and Exchange Commission, revealing their equity ...",2021-04-22 07:00:00,"Was The Smart Money Right About NVIDIA (NVDA)? Hedge Funds and other institutional investors have just completed filing their 13Fs with the Securities and Exchange Commission, revealing their equity ..."
83,NVDA,https://news.google.com/articles/CBMiUWh0dHBzOi8vZmluYW5jZS55YWhvby5jb20vbmV3cy96YWNrcy1hbmFseXN0LWJsb2ctaGlnaGxpZ2h0cy1tYXhpbS0xMDQyMTAzNjMuaHRtbNIBWWh0dHBzOi8vZmluYW5jZS55YWhvby5jb20vYW1waHRtbC9uZXdzL3phY2tzLWFuYWx5c3QtYmxvZy1oaWdobGlnaHRzLW1heGltLTEwNDIxMDM2My5odG1s?hl=en-US&gl=US&ceid=US%3Aen,"The Zacks Analyst Blog Highlights: Maxim Integrated Products, Silicon Laboratories, MACOM Technology Solutions, NVIDIA and Texas Instruments","Chicago, IL – May 12, 2021 – Zacks.com announces the list of stocks featured in the Analyst Blog. Every day the Zacks Equity Research analysts discuss the ...",2021-05-12 07:00:00,"The Zacks Analyst Blog Highlights: Maxim Integrated Products, Silicon Laboratories, MACOM Technology Solutions, NVIDIA and Texas Instruments Chicago, IL – May 12, 2021 – Zacks.com announces the list of stocks featured in the Analyst Blog. Every day the Zacks Equity Research analysts discuss the ..."
84,NVDA,https://news.google.com/articles/CBMiQmh0dHBzOi8vZmluYW5jZS55YWhvby5jb20vbmV3cy9idWxsLWRheS1udmlkaWEtbnZkYS0wOTIwMDkxMjIuaHRtbNIBSmh0dHBzOi8vZmluYW5jZS55YWhvby5jb20vYW1waHRtbC9uZXdzL2J1bGwtZGF5LW52aWRpYS1udmRhLTA5MjAwOTEyMi5odG1s?hl=en-US&gl=US&ceid=US%3Aen,Bull of the Day: NVIDIA (NVDA),"I recently profiled NVIDIA (NVDA) for the Top Stock Picks video and after talking for over 9 minutes about the ""Tesla of Semis"" and all of its disruptive innovation, ...",2021-04-30 07:00:00,"Bull of the Day: NVIDIA (NVDA) I recently profiled NVIDIA (NVDA) for the Top Stock Picks video and after talking for over 9 minutes about the ""Tesla of Semis"" and all of its disruptive innovation, ..."
85,NVDA,https://news.google.com/articles/CBMiVGh0dHBzOi8vZmluYW5jZS55YWhvby5jb20vbmV3cy90aGluay1idXlpbmctbnZpZGlhLWNvcnBvcmF0aW9uLW5hc2RhcS0wODEzMDkwMDMuaHRtbNIBXGh0dHBzOi8vZmluYW5jZS55YWhvby5jb20vYW1waHRtbC9uZXdzL3RoaW5rLWJ1eWluZy1udmlkaWEtY29ycG9yYXRpb24tbmFzZGFxLTA4MTMwOTAwMy5odG1s?hl=en-US&gl=US&ceid=US%3Aen,Should You Think About Buying NVIDIA Corporation (NASDAQ:NVDA) Now?,Today we're going to take a look at the well-established NVIDIA Corporation (NASDAQ:NVDA). The company's stock saw significant share price movement ...,2021-02-26 08:00:00,Should You Think About Buying NVIDIA Corporation (NASDAQ:NVDA) Now? Today we're going to take a look at the well-established NVIDIA Corporation (NASDAQ:NVDA). The company's stock saw significant share price movement ...
86,NVDA,https://news.google.com/articles/CBMiXWh0dHBzOi8vd3d3LmZvb2wuY29tL2ludmVzdGluZy8yMDIxLzA1LzA1LzMtdG9wLWFydGlmaWNpYWwtaW50ZWxsaWdlbmNlLXN0b2Nrcy10by1idXktaW4tbWF5L9IBYWh0dHBzOi8vd3d3LmZvb2wuY29tL2FtcC9pbnZlc3RpbmcvMjAyMS8wNS8wNS8zLXRvcC1hcnRpZmljaWFsLWludGVsbGlnZW5jZS1zdG9ja3MtdG8tYnV5LWluLW1heS8?hl=en-US&gl=US&ceid=US%3Aen,3 Top Artificial Intelligence Stocks to Buy in May,"Artificial intelligence (AI) is in everything from voice-enabled smart speakers to smartwatches to computers, and even our cars. But while AI has gone ...",2021-05-05 07:00:00,"3 Top Artificial Intelligence Stocks to Buy in May Artificial intelligence (AI) is in everything from voice-enabled smart speakers to smartwatches to computers, and even our cars. But while AI has gone ..."
87,NVDA,https://news.google.com/articles/CBMiTGh0dHBzOi8vZmluYW5jZS55YWhvby5jb20vbmV3cy9udmlkaWEtbnZkYS1zdG9jay1zaW5rcy1tYXJrZXQtMjE0NTA5MDc2Lmh0bWzSAVRodHRwczovL2ZpbmFuY2UueWFob28uY29tL2FtcGh0bWwvbmV3cy9udmlkaWEtbnZkYS1zdG9jay1zaW5rcy1tYXJrZXQtMjE0NTA5MDc2Lmh0bWw?hl=en-US&gl=US&ceid=US%3Aen,Nvidia (NVDA) Stock Sinks As Market Gains: What You Should Know,"Nvidia (NVDA) closed at $636.50 in the latest trading session, marking a -1.39% move from the prior day. This change lagged the S&P 500's daily gain of 0.36%.",2021-04-16 07:00:00,"Nvidia (NVDA) Stock Sinks As Market Gains: What You Should Know Nvidia (NVDA) closed at $636.50 in the latest trading session, marking a -1.39% move from the prior day. This change lagged the S&P 500's daily gain of 0.36%."
88,NVDA,https://news.google.com/articles/CBMiXWh0dHBzOi8vd3d3LmZvb2wuY29tL2ludmVzdGluZy8yMDIxLzA1LzAzL2ZvcmdldC1pbnRlbC1idXktdGhlc2UtMi1zZW1pY29uZHVjdG9yLXN0b2Nrcy1pbnN0L9IBYWh0dHBzOi8vd3d3LmZvb2wuY29tL2FtcC9pbnZlc3RpbmcvMjAyMS8wNS8wMy9mb3JnZXQtaW50ZWwtYnV5LXRoZXNlLTItc2VtaWNvbmR1Y3Rvci1zdG9ja3MtaW5zdC8?hl=en-US&gl=US&ceid=US%3Aen,"Forget Intel, Buy These 2 Semiconductor Stocks Instead",The chipmaking giant's stock is cheap for obvious reasons.,2021-05-03 07:00:00,"Forget Intel, Buy These 2 Semiconductor Stocks Instead The chipmaking giant's stock is cheap for obvious reasons."
89,NVDA,https://news.google.com/articles/CBMiUWh0dHBzOi8vZmluYW5jZS55YWhvby5jb20vbmV3cy9tYXJrZXRzLWNsb3NlLWdyZWVuLW52aWRpYS10cm91bmNlcy0yMTQ0MDk1NTYuaHRtbNIBWWh0dHBzOi8vZmluYW5jZS55YWhvby5jb20vYW1waHRtbC9uZXdzL21hcmtldHMtY2xvc2UtZ3JlZW4tbnZpZGlhLXRyb3VuY2VzLTIxNDQwOTU1Ni5odG1s?hl=en-US&gl=US&ceid=US%3Aen,"Markets Close Green, NVIDIA Trounces Q1 Estimates","Once again, NVIDIA easily surpassed estimates in its Q1 earnings report released after the closing bell, as did Williams-Sonoma.",2021-05-26 21:00:00,"Markets Close Green, NVIDIA Trounces Q1 Estimates Once again, NVIDIA easily surpassed estimates in its Q1 earnings report released after the closing bell, as did Williams-Sonoma."
90,NVDA,https://news.google.com/articles/CAIiENk1BYpR2RxjxdibazMCSvkqGQgEKhAIACoHCAowt8yYCzDI1rADMNqB0gY?hl=en-US&gl=US&ceid=US%3Aen,Nvidia Stock Is One of Your Best Bets for Big Returns,"With a strong hold in the gaming industry and impressive financials, NVDA stock is most definitely a buy and hold for 2021.",2021-03-18 20:00:00,"Nvidia Stock Is One of Your Best Bets for Big Returns With a strong hold in the gaming industry and impressive financials, NVDA stock is most definitely a buy and hold for 2021."
91,NVDA,https://news.google.com/articles/CAIiEFfbqlwVvx4Qa0FDCAbSSzcqFQgEKg0IACoGCAowrqkBMKBFMLKAAg?hl=en-US&gl=US&ceid=US%3Aen,"As Stocks Struggle For A Green May, Retail Earnings Again Dominate Weekly Calendar","The world seems to be in a buying mood so far this morning, helped in part by strength in bitcoin. Without much in the way of news over the weekend, ...",2021-05-24 13:00:00,"As Stocks Struggle For A Green May, Retail Earnings Again Dominate Weekly Calendar The world seems to be in a buying mood so far this morning, helped in part by strength in bitcoin. Without much in the way of news over the weekend, ..."
92,NVDA,https://news.google.com/articles/CAIiEORHYcN15GWspmTVJE3-ViMqMwgEKioIACIQaI-KISnONJyMPNSt_eLQTCoUCAoiEGiPiiEpzjScjDzUrf3i0Ewwi6TZBg?hl=en-US&gl=US&ceid=US%3Aen,NVIDIA (NVDA) 2021 Outlook,"NVIDIA Corporation (NVDA) completed the multi-year journey from specialty chip designer to big tech powerhouse in 2020, adding significant market share in ...",2020-12-30 14:00:00,"NVIDIA (NVDA) 2021 Outlook NVIDIA Corporation (NVDA) completed the multi-year journey from specialty chip designer to big tech powerhouse in 2020, adding significant market share in ..."
93,NVDA,https://news.google.com/articles/CBMiSGh0dHBzOi8vZmluYW5jZS55YWhvby5jb20vbmV3cy9udmlkaWEtbnZkYS1zdG9jay1idXktc2VsbC0xNjIwNDE1NzYuaHRtbNIBUGh0dHBzOi8vZmluYW5jZS55YWhvby5jb20vYW1waHRtbC9uZXdzL252aWRpYS1udmRhLXN0b2NrLWJ1eS1zZWxsLTE2MjA0MTU3Ni5odG1s?hl=en-US&gl=US&ceid=US%3Aen,Is NVIDIA (NVDA) Stock A Buy or Sell?,"Out of thousands of stocks that are currently traded on the market, it is difficult to identify those that will really generate strong returns. Hedge funds and ...",2021-03-16 07:00:00,"Is NVIDIA (NVDA) Stock A Buy or Sell? Out of thousands of stocks that are currently traded on the market, it is difficult to identify those that will really generate strong returns. Hedge funds and ..."
94,NVDA,https://news.google.com/articles/CBMiTGh0dHBzOi8vZmluYW5jZS55YWhvby5jb20vbmV3cy9zdG9ja3MtY2FudC1sb3ctdm9sdW1lLXNlc3Npb24tMTMxNTAxNzA0Lmh0bWzSAVRodHRwczovL2ZpbmFuY2UueWFob28uY29tL2FtcGh0bWwvbmV3cy9zdG9ja3MtY2FudC1sb3ctdm9sdW1lLXNlc3Npb24tMTMxNTAxNzA0Lmh0bWw?hl=en-US&gl=US&ceid=US%3Aen,Stocks Can't Follow Through in Low Volume Session,"Despite a positive start to Tuesday's action, the market couldn't add onto yesterday's impressive rally as choppy trading eventually chipped away at the gains ...",2021-05-26 13:00:00,"Stocks Can't Follow Through in Low Volume Session Despite a positive start to Tuesday's action, the market couldn't add onto yesterday's impressive rally as choppy trading eventually chipped away at the gains ..."
95,NVDA,https://news.google.com/articles/CBMiVmh0dHBzOi8vZmluYW5jZS55YWhvby5jb20vbmV3cy9udmlkaWEtbnZkYS1vdXRwZXJmb3JtaW5nLW90aGVyLWNvbXB1dGVyLTE1MzAwMzQ5NC5odG1s0gFeaHR0cHM6Ly9maW5hbmNlLnlhaG9vLmNvbS9hbXBodG1sL25ld3MvbnZpZGlhLW52ZGEtb3V0cGVyZm9ybWluZy1vdGhlci1jb21wdXRlci0xNTMwMDM0OTQuaHRtbA?hl=en-US&gl=US&ceid=US%3Aen,Is NVIDIA (NVDA) Outperforming Other Computer and Technology Stocks This Year?,"Investors focused on the Computer and Technology space have likely heard of NVIDIA (NVDA), but is the stock performing well in comparison to the rest of its ...",2021-04-14 07:00:00,"Is NVIDIA (NVDA) Outperforming Other Computer and Technology Stocks This Year? Investors focused on the Computer and Technology space have likely heard of NVIDIA (NVDA), but is the stock performing well in comparison to the rest of its ..."
96,NVDA,https://news.google.com/articles/CBMiQ2h0dHBzOi8vZmluYW5jZS55YWhvby5jb20vbmV3cy9udmlkaWEtbnZkYS1mYWxscy11LWstMTQxNDAyMTQxLmh0bWzSAUtodHRwczovL2ZpbmFuY2UueWFob28uY29tL2FtcGh0bWwvbmV3cy9udmlkaWEtbnZkYS1mYWxscy11LWstMTQxNDAyMTQxLmh0bWw?hl=en-US&gl=US&ceid=US%3Aen,NVIDIA (NVDA) Falls After U.K. Begins Security Probe Into Arm Deal,Shares of NVIDIA Corporation NVDA fell 3.5% on Monday after the U.K. government initiated a national security probe into the graphic chip maker's proposed ...,2021-04-20 07:00:00,NVIDIA (NVDA) Falls After U.K. Begins Security Probe Into Arm Deal Shares of NVIDIA Corporation NVDA fell 3.5% on Monday after the U.K. government initiated a national security probe into the graphic chip maker's proposed ...
97,NVDA,https://news.google.com/articles/CBMiRGh0dHBzOi8vZmluYW5jZS55YWhvby5jb20vbmV3cy93aHktbnZpZGlhLW52ZGEtZG93bi01LTE1MzEwMzU3OS5odG1s0gFMaHR0cHM6Ly9maW5hbmNlLnlhaG9vLmNvbS9hbXBodG1sL25ld3Mvd2h5LW52aWRpYS1udmRhLWRvd24tNS0xNTMxMDM1NzkuaHRtbA?hl=en-US&gl=US&ceid=US%3Aen,Why Is Nvidia (NVDA) Down 5.8% Since Last Earnings Report?,"It has been about a month since the last earnings report for Nvidia (NVDA). Shares have lost about 5.8% in that time frame, underperforming the S&P 500.",2021-03-26 07:00:00,"Why Is Nvidia (NVDA) Down 5.8% Since Last Earnings Report? It has been about a month since the last earnings report for Nvidia (NVDA). Shares have lost about 5.8% in that time frame, underperforming the S&P 500."
98,NVDA,https://news.google.com/articles/CBMiSmh0dHBzOi8vZmluYW5jZS55YWhvby5jb20vbmV3cy9udmlkaWEtbnZkYS1zdG9jay1zdHJvbmctYnV5LTAwNDQxMjA0OS5odG1s0gFSaHR0cHM6Ly9maW5hbmNlLnlhaG9vLmNvbS9hbXBodG1sL25ld3MvbnZpZGlhLW52ZGEtc3RvY2stc3Ryb25nLWJ1eS0wMDQ0MTIwNDkuaHRtbA?hl=en-US&gl=US&ceid=US%3Aen,Is Nvidia (NVDA) Stock a Strong Buy for 2021?,Nvidia has been on a tear in 2020 and a recent cool down might set up a better buying opportunity for NVDA stock as we head into 2021...,2020-12-21 08:00:00,Is Nvidia (NVDA) Stock a Strong Buy for 2021? Nvidia has been on a tear in 2020 and a recent cool down might set up a better buying opportunity for NVDA stock as we head into 2021...
99,NVDA,https://news.google.com/articles/CBMiS2h0dHBzOi8vZmluYW5jZS55YWhvby5jb20vbmV3cy9udmlkaWEtbnZkYS1nYWlucy1tYXJrZXQtZGlwcy0yMTQ1MDk1MjMuaHRtbNIBU2h0dHBzOi8vZmluYW5jZS55YWhvby5jb20vYW1waHRtbC9uZXdzL252aWRpYS1udmRhLWdhaW5zLW1hcmtldC1kaXBzLTIxNDUwOTUyMy5odG1s?hl=en-US&gl=US&ceid=US%3Aen,Nvidia (NVDA) Gains As Market Dips: What You Should Know,"Nvidia (NVDA) closed the most recent trading day at $517.93, moving +0.85% from the previous trading session.",2021-03-29 07:00:00,"Nvidia (NVDA) Gains As Market Dips: What You Should Know Nvidia (NVDA) closed the most recent trading day at $517.93, moving +0.85% from the previous trading session."
